<?xml version="1.0" encoding="UTF-8"?>
<project xmlns="http://maven.apache.org/POM/4.0.0" xmlns:xsi="http://www.w3.org/2001/XMLSchema-instance" xsi:schemaLocation="http://maven.apache.org/POM/4.0.0 http://maven.apache.org/maven-v4_0_0.xsd">
  <modelVersion>4.0.0</modelVersion>
  <groupId>com.ECE461P1.app</groupId>
  <artifactId>project-1-3</artifactId>
  <name>project-1-3</name>
  <version>1.0-SNAPSHOT</version>
  <description>A simple project-1-3.</description>
  <url>http://www.example.com</url>
  <build>
    <pluginManagement>
      <plugins>
        <plugin>
          <artifactId>maven-clean-plugin</artifactId>
          <version>3.1.0</version>
        </plugin>
        <plugin>
          <artifactId>maven-site-plugin</artifactId>
          <version>3.7.1</version>
        </plugin>
        <plugin>
          <artifactId>maven-project-info-reports-plugin</artifactId>
          <version>3.0.0</version>
        </plugin>
        <plugin>
          <artifactId>maven-resources-plugin</artifactId>
          <version>3.0.2</version>
        </plugin>
        <plugin>
          <artifactId>maven-compiler-plugin</artifactId>
          <version>3.7.0</version>
          <configuration>
            <source>1.8</source>
            <target>1.8</target>
            <verbose>true</verbose>
          </configuration>
        </plugin>
        <plugin>
          <artifactId>maven-surefire-plugin</artifactId>
          <version>2.22.1</version>
        </plugin>
        <plugin>
          <artifactId>maven-jar-plugin</artifactId>
          <version>3.0.2</version>
        </plugin>
        <plugin>
          <artifactId>maven-install-plugin</artifactId>
          <version>2.5.2</version>
        </plugin>
        <plugin>
          <artifactId>maven-deploy-plugin</artifactId>
          <version>2.8.2</version>
        </plugin>
        <plugin>
          <artifactId>maven-shade-plugin</artifactId>
          <version>3.2.4</version>
          <executions>
            <execution>
              <phase>package</phase>
              <goals>
                <goal>shade</goal>
              </goals>
            </execution>
          </executions>
          <configuration>
            <filters>
              <filter>
                <artifact>*:*</artifact>
                <excludes>
                  <exclude>META-INF/*.SF</exclude>
                  <exclude>META-INF/*.DSA</exclude>
                  <exclude>META-INF/*.RSA</exclude>
                </excludes>
              </filter>
            </filters>
          </configuration>
        </plugin>
      </plugins>
    </pluginManagement>
    <plugins>
      <plugin>
        <groupId>org.jacoco</groupId>
        <artifactId>jacoco-maven-plugin</artifactId>
        <version>0.8.6</version>
        <executions>
          <execution>
            <id>default-prepare-agent</id>
            <goals>
              <goal>prepare-agent</goal>
            </goals>
          </execution>
          <execution>
            <id>default-report</id>
            <phase>test</phase>
            <goals>
              <goal>report</goal>
            </goals>
            <configuration>
              <outputDirectory>./jacoco</outputDirectory>
              <excludes>
                <exclude>**/testlog*</exclude>
                <exclude>**/App*</exclude>
              </excludes>
            </configuration>
          </execution>
        </executions>
      </plugin>
    </plugins>
  </build>
  <reporting>
    <plugins>
      <plugin>
        <artifactId>maven-project-info-reports-plugin</artifactId>
      </plugin>
    </plugins>
  </reporting>
  <properties>
    <java.version>1.8</java.version>
    <project.build.sourceEncoding>UTF-8</project.build.sourceEncoding>
  </properties>
</project>
